alderman,quarters,Meetings_Attended,Total_Meetings,Attendance %
"Arena, John",10,14,15,0.9333333333333333333333333333
"Arena, John",11,8,10,0.8
"Arena, John",12,12,14,0.8571428571428571428571428571
"Arena, John",13,11,12,0.9166666666666666666666666667
"Arena, John",14,11,12,0.9166666666666666666666666667
"Arena, John",15,8,8,1
"Arena, John",16,9,13,0.6923076923076923076923076923
"Arena, John",17,7,10,0.7
"Arena, John",18,13,15,0.8666666666666666666666666667
"Arena, John",19,1,3,0.3333333333333333333333333333
"Arena, John",2,5,5,1
"Arena, John",20,13,19,0.6842105263157894736842105263
"Arena, John",21,14,15,0.9333333333333333333333333333
"Arena, John",22,8,14,0.5714285714285714285714285714
"Arena, John",23,11,13,0.8461538461538461538461538462
"Arena, John",24,13,18,0.7222222222222222222222222222
"Arena, John",3,13,13,1
"Arena, John",4,17,17,1
"Arena, John",5,12,12,1
"Arena, John",6,15,16,0.9375
"Arena, John",7,8,11,0.7272727272727272727272727273
"Arena, John",8,14,15,0.9333333333333333333333333333
"Arena, John",9,11,11,1
"Austin, Carrie M.",1,6,6,1
"Austin, Carrie M.",10,14,27,0.5185185185185185185185185185
"Austin, Carrie M.",11,11,13,0.8461538461538461538461538462
"Austin, Carrie M.",12,14,26,0.5384615384615384615384615385
"Austin, Carrie M.",13,10,21,0.4761904761904761904761904762
"Austin, Carrie M.",14,10,17,0.5882352941176470588235294118
"Austin, Carrie M.",15,9,13,0.6923076923076923076923076923
"Austin, Carrie M.",16,14,21,0.6666666666666666666666666667
"Austin, Carrie M.",17,9,14,0.6428571428571428571428571429
"Austin, Carrie M.",18,10,20,0.5
"Austin, Carrie M.",19,0,4,0
"Austin, Carrie M.",2,15,15,1
"Austin, Carrie M.",20,10,19,0.5263157894736842105263157895
"Austin, Carrie M.",21,10,21,0.4761904761904761904761904762
"Austin, Carrie M.",22,9,20,0.45
"Austin, Carrie M.",23,5,17,0.2941176470588235294117647059
"Austin, Carrie M.",24,12,26,0.4615384615384615384615384615
"Austin, Carrie M.",3,21,24,0.875
"Austin, Carrie M.",4,19,25,0.76
"Austin, Carrie M.",5,10,21,0.4761904761904761904761904762
"Austin, Carrie M.",6,10,28,0.3571428571428571428571428571
"Austin, Carrie M.",7,7,20,0.35
"Austin, Carrie M.",8,15,27,0.5555555555555555555555555556
"Austin, Carrie M.",9,10,19,0.5263157894736842105263157895
"Balcer, James",1,7,7,1
"Balcer, James",10,13,23,0.5652173913043478260869565217
"Balcer, James",11,6,10,0.6
"Balcer, James",12,17,23,0.7391304347826086956521739130
"Balcer, James",13,11,13,0.8461538461538461538461538462
"Balcer, James",14,11,14,0.7857142857142857142857142857
"Balcer, James",15,6,8,0.75
"Balcer, James",16,14,20,0.7
"Balcer, James",17,7,11,0.6363636363636363636363636364
"Balcer, James",18,9,12,0.75
"Balcer, James",2,17,17,1
"Balcer, James",3,18,20,0.9
"Balcer, James",4,14,25,0.56
"Balcer, James",5,14,18,0.7777777777777777777777777778
"Balcer, James",6,22,29,0.7586206896551724137931034483
"Balcer, James",7,9,18,0.5
"Balcer, James",8,15,23,0.6521739130434782608695652174
"Balcer, James",9,12,16,0.75
"Beale, Anthony",1,6,6,1
"Beale, Anthony",10,12,22,0.5454545454545454545454545455
"Beale, Anthony",11,7,9,0.7777777777777777777777777778
"Beale, Anthony",12,16,21,0.7619047619047619047619047619
"Beale, Anthony",13,11,16,0.6875
"Beale, Anthony",14,10,13,0.7692307692307692307692307692
"Beale, Anthony",15,8,11,0.7272727272727272727272727273
"Beale, Anthony",16,15,18,0.8333333333333333333333333333
"Beale, Anthony",17,7,9,0.7777777777777777777777777778
"Beale, Anthony",18,11,16,0.6875
"Beale, Anthony",19,1,2,0.5
"Beale, Anthony",2,14,14,1
"Beale, Anthony",20,13,17,0.7647058823529411764705882353
"Beale, Anthony",21,10,16,0.625
"Beale, Anthony",22,14,15,0.9333333333333333333333333333
"Beale, Anthony",23,9,14,0.6428571428571428571428571429
"Beale, Anthony",24,18,24,0.75
"Beale, Anthony",3,18,18,1
"Beale, Anthony",4,14,20,0.7
"Beale, Anthony",5,12,17,0.7058823529411764705882352941
"Beale, Anthony",6,18,25,0.72
"Beale, Anthony",7,10,17,0.5882352941176470588235294118
"Beale, Anthony",8,12,25,0.48
"Beale, Anthony",9,9,15,0.6
"Brookins, Jr., Howard",1,4,4,1
"Brookins, Jr., Howard",10,9,25,0.36
"Brookins, Jr., Howard",11,6,10,0.6
"Brookins, Jr., Howard",12,5,21,0.2380952380952380952380952381
"Brookins, Jr., Howard",13,5,17,0.2941176470588235294117647059
"Brookins, Jr., Howard",14,7,13,0.5384615384615384615384615385
"Brookins, Jr., Howard",15,4,11,0.3636363636363636363636363636
"Brookins, Jr., Howard",16,9,20,0.45
"Brookins, Jr., Howard",17,4,12,0.3333333333333333333333333333
"Brookins, Jr., Howard",18,13,21,0.6190476190476190476190476190
"Brookins, Jr., Howard",19,1,5,0.2
"Brookins, Jr., Howard",2,14,14,1
"Brookins, Jr., Howard",20,11,20,0.55
"Brookins, Jr., Howard",21,10,19,0.5263157894736842105263157895
"Brookins, Jr., Howard",22,9,17,0.5294117647058823529411764706
"Brookins, Jr., Howard",23,7,16,0.4375
"Brookins, Jr., Howard",24,10,22,0.4545454545454545454545454545
"Brookins, Jr., Howard",3,23,23,1
"Brookins, Jr., Howard",4,15,28,0.5357142857142857142857142857
"Brookins, Jr., Howard",5,9,20,0.45
"Brookins, Jr., Howard",6,15,29,0.5172413793103448275862068966
"Brookins, Jr., Howard",7,7,18,0.3888888888888888888888888889
"Brookins, Jr., Howard",8,11,26,0.4230769230769230769230769231
"Brookins, Jr., Howard",9,8,16,0.5
"Burke, Edward M.",1,5,5,1
"Burke, Edward M.",10,12,26,0.4615384615384615384615384615
"Burke, Edward M.",11,8,10,0.8
"Burke, Edward M.",12,13,23,0.5652173913043478260869565217
"Burke, Edward M.",13,10,17,0.5882352941176470588235294118
"Burke, Edward M.",14,10,13,0.7692307692307692307692307692
"Burke, Edward M.",15,7,12,0.5833333333333333333333333333
"Burke, Edward M.",16,15,18,0.8333333333333333333333333333
"Burke, Edward M.",17,9,12,0.75
"Burke, Edward M.",18,10,17,0.5882352941176470588235294118
"Burke, Edward M.",19,1,4,0.25
"Burke, Edward M.",2,13,13,1
"Burke, Edward M.",20,11,17,0.6470588235294117647058823529
"Burke, Edward M.",21,11,19,0.5789473684210526315789473684
"Burke, Edward M.",22,9,17,0.5294117647058823529411764706
"Burke, Edward M.",23,8,14,0.5714285714285714285714285714
"Burke, Edward M.",24,18,24,0.75
"Burke, Edward M.",3,19,20,0.95
"Burke, Edward M.",4,15,23,0.6521739130434782608695652174
"Burke, Edward M.",5,10,17,0.5882352941176470588235294118
"Burke, Edward M.",6,15,26,0.5769230769230769230769230769
"Burke, Edward M.",7,7,18,0.3888888888888888888888888889
"Burke, Edward M.",8,13,26,0.5
"Burke, Edward M.",9,9,17,0.5294117647058823529411764706
"Burnett, Jr., Walter",1,4,4,1
"Burnett, Jr., Walter",10,14,17,0.8235294117647058823529411765
"Burnett, Jr., Walter",11,9,11,0.8181818181818181818181818182
"Burnett, Jr., Walter",12,15,23,0.6521739130434782608695652174
"Burnett, Jr., Walter",13,14,17,0.8235294117647058823529411765
"Burnett, Jr., Walter",14,14,17,0.8235294117647058823529411765
"Burnett, Jr., Walter",15,8,11,0.7272727272727272727272727273
"Burnett, Jr., Walter",16,18,20,0.9
"Burnett, Jr., Walter",17,11,15,0.7333333333333333333333333333
"Burnett, Jr., Walter",18,18,24,0.75
"Burnett, Jr., Walter",19,3,4,0.75
"Burnett, Jr., Walter",2,11,11,1
"Burnett, Jr., Walter",20,14,21,0.6666666666666666666666666667
"Burnett, Jr., Walter",21,17,21,0.8095238095238095238095238095
"Burnett, Jr., Walter",22,14,19,0.7368421052631578947368421053
"Burnett, Jr., Walter",23,15,18,0.8333333333333333333333333333
"Burnett, Jr., Walter",24,21,25,0.84
"Burnett, Jr., Walter",3,19,20,0.95
"Burnett, Jr., Walter",4,16,20,0.8
"Burnett, Jr., Walter",5,12,18,0.6666666666666666666666666667
"Burnett, Jr., Walter",6,14,21,0.6666666666666666666666666667
"Burnett, Jr., Walter",7,5,14,0.3571428571428571428571428571
"Burnett, Jr., Walter",8,13,21,0.6190476190476190476190476190
"Burnett, Jr., Walter",9,12,14,0.8571428571428571428571428571
"Burns, William D.",10,11,20,0.55
"Burns, William D.",11,4,9,0.4444444444444444444444444444
"Burns, William D.",12,16,18,0.8888888888888888888888888889
"Burns, William D.",13,14,17,0.8235294117647058823529411765
"Burns, William D.",14,8,14,0.5714285714285714285714285714
"Burns, William D.",15,7,10,0.7
"Burns, William D.",16,17,22,0.7727272727272727272727272727
"Burns, William D.",17,6,10,0.6
"Burns, William D.",18,12,20,0.6
"Burns, William D.",19,0,2,0
"Burns, William D.",2,5,5,1
"Burns, William D.",20,12,19,0.6315789473684210526315789474
"Burns, William D.",21,7,12,0.5833333333333333333333333333
"Burns, William D.",3,14,14,1
"Burns, William D.",4,15,20,0.75
"Burns, William D.",5,11,15,0.7333333333333333333333333333
"Burns, William D.",6,16,24,0.6666666666666666666666666667
"Burns, William D.",7,10,16,0.625
"Burns, William D.",8,12,21,0.5714285714285714285714285714
"Burns, William D.",9,7,12,0.5833333333333333333333333333
"Cappleman, James",10,18,23,0.7826086956521739130434782609
"Cappleman, James",11,11,13,0.8461538461538461538461538462
"Cappleman, James",12,12,21,0.5714285714285714285714285714
"Cappleman, James",13,12,17,0.7058823529411764705882352941
"Cappleman, James",14,14,17,0.8235294117647058823529411765
"Cappleman, James",15,11,11,1
"Cappleman, James",16,11,18,0.6111111111111111111111111111
"Cappleman, James",17,11,13,0.8461538461538461538461538462
"Cappleman, James",18,16,18,0.8888888888888888888888888889
"Cappleman, James",19,2,2,1
"Cappleman, James",2,6,6,1
"Cappleman, James",20,13,16,0.8125
"Cappleman, James",21,15,19,0.7894736842105263157894736842
"Cappleman, James",22,13,17,0.7647058823529411764705882353
"Cappleman, James",23,12,15,0.8
"Cappleman, James",24,18,20,0.9
"Cappleman, James",3,18,18,1
"Cappleman, James",4,21,27,0.7777777777777777777777777778
"Cappleman, James",5,16,21,0.7619047619047619047619047619
"Cappleman, James",6,19,27,0.7037037037037037037037037037
"Cappleman, James",7,6,18,0.3333333333333333333333333333
"Cappleman, James",8,9,22,0.4090909090909090909090909091
"Cappleman, James",9,13,17,0.7647058823529411764705882353
"Cardenas, George A.",1,10,10,1
"Cardenas, George A.",10,11,23,0.4782608695652173913043478261
"Cardenas, George A.",11,6,12,0.5
"Cardenas, George A.",12,8,23,0.3478260869565217391304347826
"Cardenas, George A.",13,7,15,0.4666666666666666666666666667
"Cardenas, George A.",14,7,16,0.4375
"Cardenas, George A.",15,2,11,0.1818181818181818181818181818
"Cardenas, George A.",16,9,19,0.4736842105263157894736842105
"Cardenas, George A.",17,4,11,0.3636363636363636363636363636
"Cardenas, George A.",18,10,20,0.5
"Cardenas, George A.",19,1,3,0.3333333333333333333333333333
"Cardenas, George A.",2,18,18,1
"Cardenas, George A.",20,12,20,0.6
"Cardenas, George A.",21,9,19,0.4736842105263157894736842105
"Cardenas, George A.",22,10,18,0.5555555555555555555555555556
"Cardenas, George A.",23,12,18,0.6666666666666666666666666667
"Cardenas, George A.",24,16,21,0.7619047619047619047619047619
"Cardenas, George A.",3,19,20,0.95
"Cardenas, George A.",4,9,23,0.3913043478260869565217391304
"Cardenas, George A.",5,6,19,0.3157894736842105263157894737
"Cardenas, George A.",6,8,25,0.32
"Cardenas, George A.",7,4,16,0.25
"Cardenas, George A.",8,8,23,0.3478260869565217391304347826
"Cardenas, George A.",9,8,15,0.5333333333333333333333333333
"Chandler, Michael D.",10,11,20,0.55
"Chandler, Michael D.",11,7,12,0.5833333333333333333333333333
"Chandler, Michael D.",12,8,20,0.4
"Chandler, Michael D.",13,7,17,0.4117647058823529411764705882
"Chandler, Michael D.",14,7,16,0.4375
"Chandler, Michael D.",15,2,10,0.2
"Chandler, Michael D.",16,8,16,0.5
"Chandler, Michael D.",17,3,9,0.3333333333333333333333333333
"Chandler, Michael D.",18,3,10,0.3
"Chandler, Michael D.",2,5,5,1
"Chandler, Michael D.",3,11,13,0.8461538461538461538461538462
"Chandler, Michael D.",4,6,21,0.2857142857142857142857142857
"Chandler, Michael D.",5,4,19,0.2105263157894736842105263158
"Chandler, Michael D.",6,7,20,0.35
"Chandler, Michael D.",7,2,15,0.1333333333333333333333333333
"Chandler, Michael D.",8,13,20,0.65
"Chandler, Michael D.",9,12,15,0.8
"Cochran, Willie",1,7,7,1
"Cochran, Willie",10,14,26,0.5384615384615384615384615385
"Cochran, Willie",11,11,14,0.7857142857142857142857142857
"Cochran, Willie",12,15,26,0.5769230769230769230769230769
"Cochran, Willie",13,10,15,0.6666666666666666666666666667
"Cochran, Willie",14,12,17,0.7058823529411764705882352941
"Cochran, Willie",15,7,11,0.6363636363636363636363636364
"Cochran, Willie",16,11,18,0.6111111111111111111111111111
"Cochran, Willie",17,7,12,0.5833333333333333333333333333
"Cochran, Willie",18,14,17,0.8235294117647058823529411765
"Cochran, Willie",19,2,2,1
"Cochran, Willie",2,12,12,1
"Cochran, Willie",20,16,20,0.8
"Cochran, Willie",21,16,19,0.8421052631578947368421052632
"Cochran, Willie",22,14,19,0.7368421052631578947368421053
"Cochran, Willie",23,10,15,0.6666666666666666666666666667
"Cochran, Willie",24,19,23,0.8260869565217391304347826087
"Cochran, Willie",3,20,21,0.9523809523809523809523809524
"Cochran, Willie",4,16,25,0.64
"Cochran, Willie",5,13,18,0.7222222222222222222222222222
"Cochran, Willie",6,21,26,0.8076923076923076923076923077
"Cochran, Willie",7,10,18,0.5555555555555555555555555556
"Cochran, Willie",8,10,24,0.4166666666666666666666666667
"Cochran, Willie",9,12,17,0.7058823529411764705882352941
"Colon, Rey",1,4,4,1
"Colon, Rey",10,15,22,0.6818181818181818181818181818
"Colon, Rey",11,8,12,0.6666666666666666666666666667
"Colon, Rey",12,13,24,0.5416666666666666666666666667
"Colon, Rey",13,12,19,0.6315789473684210526315789474
"Colon, Rey",14,16,19,0.8421052631578947368421052632
"Colon, Rey",15,9,15,0.6
"Colon, Rey",16,12,22,0.5454545454545454545454545455
"Colon, Rey",17,6,12,0.5
"Colon, Rey",18,6,16,0.375
"Colon, Rey",2,11,11,1
"Colon, Rey",3,18,21,0.8571428571428571428571428571
"Colon, Rey",4,12,23,0.5217391304347826086956521739
"Colon, Rey",5,10,23,0.4347826086956521739130434783
"Colon, Rey",6,13,26,0.5
"Colon, Rey",7,10,18,0.5555555555555555555555555556
"Colon, Rey",8,12,23,0.5217391304347826086956521739
"Colon, Rey",9,3,12,0.25
"Cullerton, Timothy M.",1,5,5,1
"Cullerton, Timothy M.",10,25,27,0.9259259259259259259259259259
"Cullerton, Timothy M.",11,13,14,0.9285714285714285714285714286
"Cullerton, Timothy M.",12,23,24,0.9583333333333333333333333333
"Cullerton, Timothy M.",13,15,17,0.8823529411764705882352941176
"Cullerton, Timothy M.",14,16,17,0.9411764705882352941176470588
"Cullerton, Timothy M.",15,10,13,0.7692307692307692307692307692
"Cullerton, Timothy M.",16,12,20,0.6
"Cullerton, Timothy M.",17,10,14,0.7142857142857142857142857143
"Cullerton, Timothy M.",18,11,12,0.9166666666666666666666666667
"Cullerton, Timothy M.",2,11,11,1
"Cullerton, Timothy M.",3,20,20,1
"Cullerton, Timothy M.",4,22,25,0.88
"Cullerton, Timothy M.",5,18,20,0.9
"Cullerton, Timothy M.",6,24,28,0.8571428571428571428571428571
"Cullerton, Timothy M.",7,17,19,0.8947368421052631578947368421
"Cullerton, Timothy M.",8,22,22,1
"Cullerton, Timothy M.",9,18,19,0.9473684210526315789473684211
"Curtis, Derrick G.",18,4,4,1
"Curtis, Derrick G.",19,0,2,0
"Curtis, Derrick G.",20,7,11,0.6363636363636363636363636364
"Curtis, Derrick G.",21,11,12,0.9166666666666666666666666667
"Curtis, Derrick G.",22,8,12,0.6666666666666666666666666667
"Curtis, Derrick G.",23,10,12,0.8333333333333333333333333333
"Curtis, Derrick G.",24,18,19,0.9473684210526315789473684211
"Daley, Vi",1,6,6,1
"Daley, Vi",2,4,4,1
"Dixon, Sharon",1,3,3,1
"Dixon, Sharon",2,2,2,1
"Doherty, Brian",1,10,10,1
"Doherty, Brian",2,7,7,1
"Dowell, Pat",1,5,5,1
"Dowell, Pat",10,21,26,0.8076923076923076923076923077
"Dowell, Pat",11,10,11,0.9090909090909090909090909091
"Dowell, Pat",12,18,25,0.72
"Dowell, Pat",13,13,14,0.9285714285714285714285714286
"Dowell, Pat",14,13,15,0.8666666666666666666666666667
"Dowell, Pat",15,11,11,1
"Dowell, Pat",16,18,21,0.8571428571428571428571428571
"Dowell, Pat",17,9,12,0.75
"Dowell, Pat",18,17,19,0.8947368421052631578947368421
"Dowell, Pat",19,1,1,1
"Dowell, Pat",2,13,13,1
"Dowell, Pat",20,16,19,0.8421052631578947368421052632
"Dowell, Pat",21,15,17,0.8823529411764705882352941176
"Dowell, Pat",22,16,18,0.8888888888888888888888888889
"Dowell, Pat",23,14,16,0.875
"Dowell, Pat",24,22,23,0.9565217391304347826086956522
"Dowell, Pat",3,19,20,0.95
"Dowell, Pat",4,20,22,0.9090909090909090909090909091
"Dowell, Pat",5,17,19,0.8947368421052631578947368421
"Dowell, Pat",6,23,28,0.8214285714285714285714285714
"Dowell, Pat",7,13,17,0.7647058823529411764705882353
"Dowell, Pat",8,15,23,0.6521739130434782608695652174
"Dowell, Pat",9,13,16,0.8125
"Ervin, Jason C.",1,3,3,1
"Ervin, Jason C.",10,14,17,0.8235294117647058823529411765
"Ervin, Jason C.",11,9,10,0.9
"Ervin, Jason C.",12,20,23,0.8695652173913043478260869565
"Ervin, Jason C.",13,13,15,0.8666666666666666666666666667
"Ervin, Jason C.",14,13,17,0.7647058823529411764705882353
"Ervin, Jason C.",15,11,11,1
"Ervin, Jason C.",16,19,21,0.9047619047619047619047619048
"Ervin, Jason C.",17,8,9,0.8888888888888888888888888889
"Ervin, Jason C.",18,20,20,1
"Ervin, Jason C.",19,2,3,0.6666666666666666666666666667
"Ervin, Jason C.",2,7,7,1
"Ervin, Jason C.",20,17,19,0.8947368421052631578947368421
"Ervin, Jason C.",21,13,16,0.8125
"Ervin, Jason C.",22,13,15,0.8666666666666666666666666667
"Ervin, Jason C.",23,14,16,0.875
"Ervin, Jason C.",24,20,22,0.9090909090909090909090909091
"Ervin, Jason C.",3,15,15,1
"Ervin, Jason C.",4,18,20,0.9
"Ervin, Jason C.",5,13,16,0.8125
"Ervin, Jason C.",6,15,23,0.6521739130434782608695652174
"Ervin, Jason C.",7,11,15,0.7333333333333333333333333333
"Ervin, Jason C.",8,14,18,0.7777777777777777777777777778
"Ervin, Jason C.",9,9,10,0.9
"Fioretti, Bob",1,4,4,1
"Fioretti, Bob",10,23,23,1
"Fioretti, Bob",11,11,13,0.8461538461538461538461538462
"Fioretti, Bob",12,18,20,0.9
"Fioretti, Bob",13,18,20,0.9
"Fioretti, Bob",14,15,17,0.8823529411764705882352941176
"Fioretti, Bob",15,11,12,0.9166666666666666666666666667
"Fioretti, Bob",16,15,17,0.8823529411764705882352941176
"Fioretti, Bob",17,15,15,1
"Fioretti, Bob",18,11,12,0.9166666666666666666666666667
"Fioretti, Bob",2,9,9,1
"Fioretti, Bob",3,22,22,1
"Fioretti, Bob",4,18,24,0.75
"Fioretti, Bob",5,15,19,0.7894736842105263157894736842
"Fioretti, Bob",6,21,24,0.875
"Fioretti, Bob",7,14,16,0.875
"Fioretti, Bob",8,16,19,0.8421052631578947368421052632
"Fioretti, Bob",9,16,17,0.9411764705882352941176470588
"Foulkes, Toni",1,4,4,1
"Foulkes, Toni",10,9,19,0.4736842105263157894736842105
"Foulkes, Toni",11,7,12,0.5833333333333333333333333333
"Foulkes, Toni",12,9,20,0.45
"Foulkes, Toni",13,11,19,0.5789473684210526315789473684
"Foulkes, Toni",14,12,17,0.7058823529411764705882352941
"Foulkes, Toni",15,9,11,0.8181818181818181818181818182
"Foulkes, Toni",16,12,19,0.6315789473684210526315789474
"Foulkes, Toni",17,5,11,0.4545454545454545454545454545
"Foulkes, Toni",18,13,20,0.65
"Foulkes, Toni",19,4,5,0.8
"Foulkes, Toni",2,10,10,1
"Foulkes, Toni",20,12,16,0.75
"Foulkes, Toni",21,10,15,0.6666666666666666666666666667
"Foulkes, Toni",22,6,13,0.4615384615384615384615384615
"Foulkes, Toni",23,3,15,0.2
"Foulkes, Toni",24,15,19,0.7894736842105263157894736842
"Foulkes, Toni",3,17,19,0.8947368421052631578947368421
"Foulkes, Toni",4,14,22,0.6363636363636363636363636364
"Foulkes, Toni",5,13,21,0.6190476190476190476190476190
"Foulkes, Toni",6,14,20,0.7
"Foulkes, Toni",7,6,15,0.4
"Foulkes, Toni",8,13,19,0.6842105263157894736842105263
"Foulkes, Toni",9,10,14,0.7142857142857142857142857143
"Graham, Deborah L.",1,6,6,1
"Graham, Deborah L.",10,20,28,0.7142857142857142857142857143
"Graham, Deborah L.",11,13,15,0.8666666666666666666666666667
"Graham, Deborah L.",12,18,24,0.75
"Graham, Deborah L.",13,15,23,0.6521739130434782608695652174
"Graham, Deborah L.",14,14,20,0.7
"Graham, Deborah L.",15,12,13,0.9230769230769230769230769231
"Graham, Deborah L.",16,16,23,0.6956521739130434782608695652
"Graham, Deborah L.",17,11,15,0.7333333333333333333333333333
"Graham, Deborah L.",18,8,17,0.4705882352941176470588235294
"Graham, Deborah L.",2,14,14,1
"Graham, Deborah L.",3,25,25,1
"Graham, Deborah L.",4,26,35,0.7428571428571428571428571429
"Graham, Deborah L.",5,18,26,0.6923076923076923076923076923
"Graham, Deborah L.",6,10,32,0.3125
"Graham, Deborah L.",7,17,22,0.7727272727272727272727272727
"Graham, Deborah L.",8,20,27,0.7407407407407407407407407407
"Graham, Deborah L.",9,15,21,0.7142857142857142857142857143
"Hairston, Leslie A.",1,4,4,1
"Hairston, Leslie A.",10,9,18,0.5
"Hairston, Leslie A.",11,9,11,0.8181818181818181818181818182
"Hairston, Leslie A.",12,12,19,0.6315789473684210526315789474
"Hairston, Leslie A.",13,5,10,0.5
"Hairston, Leslie A.",14,8,12,0.6666666666666666666666666667
"Hairston, Leslie A.",15,6,6,1
"Hairston, Leslie A.",16,11,15,0.7333333333333333333333333333
"Hairston, Leslie A.",17,5,9,0.5555555555555555555555555556
"Hairston, Leslie A.",18,10,15,0.6666666666666666666666666667
"Hairston, Leslie A.",19,1,3,0.3333333333333333333333333333
"Hairston, Leslie A.",2,11,11,1
"Hairston, Leslie A.",20,12,17,0.7058823529411764705882352941
"Hairston, Leslie A.",21,11,13,0.8461538461538461538461538462
"Hairston, Leslie A.",22,10,13,0.7692307692307692307692307692
"Hairston, Leslie A.",23,5,12,0.4166666666666666666666666667
"Hairston, Leslie A.",24,16,18,0.8888888888888888888888888889
"Hairston, Leslie A.",3,18,19,0.9473684210526315789473684211
"Hairston, Leslie A.",4,13,20,0.65
"Hairston, Leslie A.",5,11,16,0.6875
"Hairston, Leslie A.",6,10,18,0.5555555555555555555555555556
"Hairston, Leslie A.",7,8,12,0.6666666666666666666666666667
"Hairston, Leslie A.",8,10,19,0.5263157894736842105263157895
"Hairston, Leslie A.",9,7,12,0.5833333333333333333333333333
"Harris, Michelle A.",1,4,4,1
"Harris, Michelle A.",10,16,23,0.6956521739130434782608695652
"Harris, Michelle A.",11,10,11,0.9090909090909090909090909091
"Harris, Michelle A.",12,12,20,0.6
"Harris, Michelle A.",13,10,16,0.625
"Harris, Michelle A.",14,10,13,0.7692307692307692307692307692
"Harris, Michelle A.",15,4,11,0.3636363636363636363636363636
"Harris, Michelle A.",16,15,17,0.8823529411764705882352941176
"Harris, Michelle A.",17,7,12,0.5833333333333333333333333333
"Harris, Michelle A.",18,8,18,0.4444444444444444444444444444
"Harris, Michelle A.",19,1,3,0.3333333333333333333333333333
"Harris, Michelle A.",2,13,13,1
"Harris, Michelle A.",20,12,21,0.5714285714285714285714285714
"Harris, Michelle A.",21,10,25,0.4
"Harris, Michelle A.",22,9,18,0.5
"Harris, Michelle A.",23,10,16,0.625
"Harris, Michelle A.",24,18,25,0.72
"Harris, Michelle A.",3,25,26,0.9615384615384615384615384615
"Harris, Michelle A.",4,18,25,0.72
"Harris, Michelle A.",5,12,21,0.5714285714285714285714285714
"Harris, Michelle A.",6,18,27,0.6666666666666666666666666667
"Harris, Michelle A.",7,5,17,0.2941176470588235294117647059
"Harris, Michelle A.",8,14,25,0.56
"Harris, Michelle A.",9,10,18,0.5555555555555555555555555556
"Holmes, Natashia",10,13,18,0.7222222222222222222222222222
"Holmes, Natashia",11,8,12,0.6666666666666666666666666667
"Holmes, Natashia",12,13,21,0.6190476190476190476190476190
"Holmes, Natashia",13,12,19,0.6315789473684210526315789474
"Holmes, Natashia",14,12,18,0.6666666666666666666666666667
"Holmes, Natashia",15,7,10,0.7
"Holmes, Natashia",16,12,18,0.6666666666666666666666666667
"Holmes, Natashia",17,10,11,0.9090909090909090909090909091
"Holmes, Natashia",18,8,11,0.7272727272727272727272727273
"Holmes, Natashia",9,3,5,0.6
"Hopkins, Brian",18,2,3,0.6666666666666666666666666667
"Hopkins, Brian",19,2,2,1
"Hopkins, Brian",20,8,9,0.8888888888888888888888888889
"Hopkins, Brian",21,8,9,0.8888888888888888888888888889
"Hopkins, Brian",22,11,12,0.9166666666666666666666666667
"Hopkins, Brian",23,7,9,0.7777777777777777777777777778
"Hopkins, Brian",24,17,17,1
"Jackson, Sandi",1,3,3,1
"Jackson, Sandi",2,6,7,0.8571428571428571428571428571
"Jackson, Sandi",3,14,17,0.8235294117647058823529411765
"Jackson, Sandi",4,9,18,0.5
"Jackson, Sandi",5,3,19,0.1578947368421052631578947368
"Jackson, Sandi",6,7,22,0.3181818181818181818181818182
"Jackson, Sandi",7,1,16,0.0625
"Jackson, Sandi",8,4,17,0.2352941176470588235294117647
"Jackson, Sandi",9,0,5,0
"King, Sophia",22,8,10,0.8
"King, Sophia",23,9,10,0.9
"King, Sophia",24,14,16,0.875
"Lane, Lona",1,6,6,1
"Lane, Lona",10,16,21,0.7619047619047619047619047619
"Lane, Lona",11,12,13,0.9230769230769230769230769231
"Lane, Lona",12,12,22,0.5454545454545454545454545455
"Lane, Lona",13,15,17,0.8823529411764705882352941176
"Lane, Lona",14,11,16,0.6875
"Lane, Lona",15,8,9,0.8888888888888888888888888889
"Lane, Lona",16,15,20,0.75
"Lane, Lona",17,8,11,0.7272727272727272727272727273
"Lane, Lona",18,4,14,0.2857142857142857142857142857
"Lane, Lona",2,15,15,1
"Lane, Lona",3,22,22,1
"Lane, Lona",4,17,25,0.68
"Lane, Lona",5,17,20,0.85
"Lane, Lona",6,20,26,0.7692307692307692307692307692
"Lane, Lona",7,11,18,0.6111111111111111111111111111
"Lane, Lona",8,15,23,0.6521739130434782608695652174
"Lane, Lona",9,16,18,0.8888888888888888888888888889
"Laurino, Margaret",1,6,6,1
"Laurino, Margaret",10,17,22,0.7727272727272727272727272727
"Laurino, Margaret",11,9,9,1
"Laurino, Margaret",12,13,19,0.6842105263157894736842105263
"Laurino, Margaret",13,8,14,0.5714285714285714285714285714
"Laurino, Margaret",14,9,11,0.8181818181818181818181818182
"Laurino, Margaret",15,7,10,0.7
"Laurino, Margaret",16,11,16,0.6875
"Laurino, Margaret",17,5,10,0.5
"Laurino, Margaret",18,11,15,0.7333333333333333333333333333
"Laurino, Margaret",19,0,4,0
"Laurino, Margaret",2,13,13,1
"Laurino, Margaret",20,11,15,0.7333333333333333333333333333
"Laurino, Margaret",21,12,16,0.75
"Laurino, Margaret",22,10,13,0.7692307692307692307692307692
"Laurino, Margaret",23,9,13,0.6923076923076923076923076923
"Laurino, Margaret",24,18,21,0.8571428571428571428571428571
"Laurino, Margaret",3,17,18,0.9444444444444444444444444444
"Laurino, Margaret",4,18,24,0.75
"Laurino, Margaret",5,14,17,0.8235294117647058823529411765
"Laurino, Margaret",6,16,24,0.6666666666666666666666666667
"Laurino, Margaret",7,10,16,0.625
"Laurino, Margaret",8,12,24,0.5
"Laurino, Margaret",9,10,13,0.7692307692307692307692307692
"Levar, Patrick",1,7,7,1
"Levar, Patrick",2,6,6,1
"Lopez, Raymond A.",18,6,7,0.8571428571428571428571428571
"Lopez, Raymond A.",19,2,2,1
"Lopez, Raymond A.",20,12,15,0.8
"Lopez, Raymond A.",21,14,15,0.9333333333333333333333333333
"Lopez, Raymond A.",22,19,20,0.95
"Lopez, Raymond A.",23,17,20,0.85
"Lopez, Raymond A.",24,22,23,0.9565217391304347826086956522
"Lyle, Freddrenna",1,8,8,1
"Lyle, Freddrenna",2,5,5,1
"Maldonado, Roberto",1,5,5,1
"Maldonado, Roberto",10,9,21,0.4285714285714285714285714286
"Maldonado, Roberto",11,5,10,0.5
"Maldonado, Roberto",12,12,21,0.5714285714285714285714285714
"Maldonado, Roberto",13,6,11,0.5454545454545454545454545455
"Maldonado, Roberto",14,4,12,0.3333333333333333333333333333
"Maldonado, Roberto",15,4,10,0.4
"Maldonado, Roberto",16,8,15,0.5333333333333333333333333333
"Maldonado, Roberto",17,4,9,0.4444444444444444444444444444
"Maldonado, Roberto",18,4,14,0.2857142857142857142857142857
"Maldonado, Roberto",19,1,2,0.5
"Maldonado, Roberto",2,11,11,1
"Maldonado, Roberto",20,6,15,0.4
"Maldonado, Roberto",21,4,13,0.3076923076923076923076923077
"Maldonado, Roberto",22,8,12,0.6666666666666666666666666667
"Maldonado, Roberto",23,6,11,0.5454545454545454545454545455
"Maldonado, Roberto",24,13,18,0.7222222222222222222222222222
"Maldonado, Roberto",3,13,16,0.8125
"Maldonado, Roberto",4,11,17,0.6470588235294117647058823529
"Maldonado, Roberto",5,5,16,0.3125
"Maldonado, Roberto",6,8,21,0.3809523809523809523809523810
"Maldonado, Roberto",7,6,14,0.4285714285714285714285714286
"Maldonado, Roberto",8,9,19,0.4736842105263157894736842105
"Maldonado, Roberto",9,9,13,0.6923076923076923076923076923
"Mell, Deborah",11,4,5,0.8
"Mell, Deborah",12,10,15,0.6666666666666666666666666667
"Mell, Deborah",13,12,14,0.8571428571428571428571428571
"Mell, Deborah",14,13,14,0.9285714285714285714285714286
"Mell, Deborah",15,8,8,1
"Mell, Deborah",16,18,18,1
"Mell, Deborah",17,9,10,0.9
"Mell, Deborah",18,15,18,0.8333333333333333333333333333
"Mell, Deborah",19,2,2,1
"Mell, Deborah",20,11,16,0.6875
"Mell, Deborah",21,14,19,0.7368421052631578947368421053
"Mell, Deborah",22,14,15,0.9333333333333333333333333333
"Mell, Deborah",23,12,13,0.9230769230769230769230769231
"Mell, Deborah",24,16,18,0.8888888888888888888888888889
"Mell, Richard F.",1,6,6,1
"Mell, Richard F.",10,15,26,0.5769230769230769230769230769
"Mell, Richard F.",11,2,4,0.5
"Mell, Richard F.",2,17,17,1
"Mell, Richard F.",3,19,21,0.9047619047619047619047619048
"Mell, Richard F.",4,11,28,0.3928571428571428571428571429
"Mell, Richard F.",5,7,24,0.2916666666666666666666666667
"Mell, Richard F.",6,9,30,0.3
"Mell, Richard F.",7,5,20,0.25
"Mell, Richard F.",8,14,27,0.5185185185185185185185185185
"Mell, Richard F.",9,9,17,0.5294117647058823529411764706
"Mitchell, Gregory I.",18,5,6,0.8333333333333333333333333333
"Mitchell, Gregory I.",19,1,2,0.5
"Mitchell, Gregory I.",20,18,20,0.9
"Mitchell, Gregory I.",21,16,18,0.8888888888888888888888888889
"Mitchell, Gregory I.",22,16,18,0.8888888888888888888888888889
"Mitchell, Gregory I.",23,15,16,0.9375
"Mitchell, Gregory I.",24,25,25,1
"Mitts, Emma",1,5,5,1
"Mitts, Emma",10,20,28,0.7142857142857142857142857143
"Mitts, Emma",11,8,14,0.5714285714285714285714285714
"Mitts, Emma",12,16,27,0.5925925925925925925925925926
"Mitts, Emma",13,14,18,0.7777777777777777777777777778
"Mitts, Emma",14,11,18,0.6111111111111111111111111111
"Mitts, Emma",15,9,13,0.6923076923076923076923076923
"Mitts, Emma",16,18,21,0.8571428571428571428571428571
"Mitts, Emma",17,6,12,0.5
"Mitts, Emma",18,12,20,0.6
"Mitts, Emma",19,3,3,1
"Mitts, Emma",2,14,14,1
"Mitts, Emma",20,18,21,0.8571428571428571428571428571
"Mitts, Emma",21,12,20,0.6
"Mitts, Emma",22,12,20,0.6
"Mitts, Emma",23,15,16,0.9375
"Mitts, Emma",24,22,25,0.88
"Mitts, Emma",3,23,24,0.9583333333333333333333333333
"Mitts, Emma",4,18,29,0.6206896551724137931034482759
"Mitts, Emma",5,13,20,0.65
"Mitts, Emma",6,17,32,0.53125
"Mitts, Emma",7,12,21,0.5714285714285714285714285714
"Mitts, Emma",8,15,28,0.5357142857142857142857142857
"Mitts, Emma",9,14,17,0.8235294117647058823529411765
"Moore, David H.",18,6,7,0.8571428571428571428571428571
"Moore, David H.",19,3,4,0.75
"Moore, David H.",20,13,18,0.7222222222222222222222222222
"Moore, David H.",21,16,19,0.8421052631578947368421052632
"Moore, David H.",22,11,16,0.6875
"Moore, David H.",23,13,16,0.8125
"Moore, David H.",24,15,20,0.75
"Moore, Joseph",1,4,4,1
"Moore, Joseph",10,6,17,0.3529411764705882352941176471
"Moore, Joseph",11,5,8,0.625
"Moore, Joseph",12,8,17,0.4705882352941176470588235294
"Moore, Joseph",13,9,10,0.9
"Moore, Joseph",14,6,9,0.6666666666666666666666666667
"Moore, Joseph",15,2,5,0.4
"Moore, Joseph",16,9,14,0.6428571428571428571428571429
"Moore, Joseph",17,5,8,0.625
"Moore, Joseph",18,9,15,0.6
"Moore, Joseph",19,1,3,0.3333333333333333333333333333
"Moore, Joseph",2,10,10,1
"Moore, Joseph",20,14,17,0.8235294117647058823529411765
"Moore, Joseph",21,10,15,0.6666666666666666666666666667
"Moore, Joseph",22,10,15,0.6666666666666666666666666667
"Moore, Joseph",23,8,15,0.5333333333333333333333333333
"Moore, Joseph",24,15,21,0.7142857142857142857142857143
"Moore, Joseph",3,12,13,0.9230769230769230769230769231
"Moore, Joseph",4,8,16,0.5
"Moore, Joseph",5,8,15,0.5333333333333333333333333333
"Moore, Joseph",6,8,15,0.5333333333333333333333333333
"Moore, Joseph",7,6,10,0.6
"Moore, Joseph",8,8,18,0.4444444444444444444444444444
"Moore, Joseph",9,5,10,0.5
"Moreno, Proco Joe",1,5,5,1
"Moreno, Proco Joe",10,7,18,0.3888888888888888888888888889
"Moreno, Proco Joe",11,6,13,0.4615384615384615384615384615
"Moreno, Proco Joe",12,8,21,0.3809523809523809523809523810
"Moreno, Proco Joe",13,12,18,0.6666666666666666666666666667
"Moreno, Proco Joe",14,10,17,0.5882352941176470588235294118
"Moreno, Proco Joe",15,4,13,0.3076923076923076923076923077
"Moreno, Proco Joe",16,12,19,0.6315789473684210526315789474
"Moreno, Proco Joe",17,4,11,0.3636363636363636363636363636
"Moreno, Proco Joe",18,9,21,0.4285714285714285714285714286
"Moreno, Proco Joe",19,4,6,0.6666666666666666666666666667
"Moreno, Proco Joe",2,10,10,1
"Moreno, Proco Joe",20,7,18,0.3888888888888888888888888889
"Moreno, Proco Joe",21,13,18,0.7222222222222222222222222222
"Moreno, Proco Joe",22,9,13,0.6923076923076923076923076923
"Moreno, Proco Joe",23,8,14,0.5714285714285714285714285714
"Moreno, Proco Joe",24,17,20,0.85
"Moreno, Proco Joe",3,17,21,0.8095238095238095238095238095
"Moreno, Proco Joe",4,15,21,0.7142857142857142857142857143
"Moreno, Proco Joe",5,10,18,0.5555555555555555555555555556
"Moreno, Proco Joe",6,11,21,0.5238095238095238095238095238
"Moreno, Proco Joe",7,5,14,0.3571428571428571428571428571
"Moreno, Proco Joe",8,7,19,0.3684210526315789473684210526
"Moreno, Proco Joe",9,8,12,0.6666666666666666666666666667
"Munoz, Ricardo",1,4,4,1
"Munoz, Ricardo",10,12,16,0.75
"Munoz, Ricardo",11,4,6,0.6666666666666666666666666667
"Munoz, Ricardo",12,10,17,0.5882352941176470588235294118
"Munoz, Ricardo",13,6,10,0.6
"Munoz, Ricardo",14,4,11,0.3636363636363636363636363636
"Munoz, Ricardo",15,2,7,0.2857142857142857142857142857
"Munoz, Ricardo",16,8,16,0.5
"Munoz, Ricardo",17,3,6,0.5
"Munoz, Ricardo",18,8,14,0.5714285714285714285714285714
"Munoz, Ricardo",19,1,2,0.5
"Munoz, Ricardo",2,12,12,1
"Munoz, Ricardo",20,10,13,0.7692307692307692307692307692
"Munoz, Ricardo",21,9,13,0.6923076923076923076923076923
"Munoz, Ricardo",22,6,12,0.5
"Munoz, Ricardo",23,8,12,0.6666666666666666666666666667
"Munoz, Ricardo",24,19,21,0.9047619047619047619047619048
"Munoz, Ricardo",3,12,13,0.9230769230769230769230769231
"Munoz, Ricardo",4,8,20,0.4
"Munoz, Ricardo",5,5,18,0.2777777777777777777777777778
"Munoz, Ricardo",6,9,21,0.4285714285714285714285714286
"Munoz, Ricardo",7,4,13,0.3076923076923076923076923077
"Munoz, Ricardo",8,8,20,0.4
"Munoz, Ricardo",9,5,10,0.5
"Napolitano, Anthony V.",18,4,4,1
"Napolitano, Anthony V.",19,0,1,0
"Napolitano, Anthony V.",20,9,10,0.9
"Napolitano, Anthony V.",21,9,11,0.8181818181818181818181818182
"Napolitano, Anthony V.",22,10,12,0.8333333333333333333333333333
"Napolitano, Anthony V.",23,8,9,0.8888888888888888888888888889
"Napolitano, Anthony V.",24,15,17,0.8823529411764705882352941176
"Newsome, Shirley",1,3,3,1
"Newsome, Shirley",2,1,1,1
"O'Connor, Mary",10,21,25,0.84
"O'Connor, Mary",11,11,12,0.9166666666666666666666666667
"O'Connor, Mary",12,15,23,0.6521739130434782608695652174
"O'Connor, Mary",13,16,19,0.8421052631578947368421052632
"O'Connor, Mary",14,12,17,0.7058823529411764705882352941
"O'Connor, Mary",15,9,13,0.6923076923076923076923076923
"O'Connor, Mary",16,16,19,0.8421052631578947368421052632
"O'Connor, Mary",17,7,12,0.5833333333333333333333333333
"O'Connor, Mary",18,5,11,0.4545454545454545454545454545
"O'Connor, Mary",2,7,7,1
"O'Connor, Mary",3,17,17,1
"O'Connor, Mary",4,12,24,0.5
"O'Connor, Mary",5,14,20,0.7
"O'Connor, Mary",6,22,29,0.7586206896551724137931034483
"O'Connor, Mary",7,13,20,0.65
"O'Connor, Mary",8,13,24,0.5416666666666666666666666667
"O'Connor, Mary",9,15,20,0.75
"O'Connor, Patrick",1,4,4,1
"O'Connor, Patrick",10,10,20,0.5
"O'Connor, Patrick",11,2,6,0.3333333333333333333333333333
"O'Connor, Patrick",12,6,18,0.3333333333333333333333333333
"O'Connor, Patrick",13,7,9,0.7777777777777777777777777778
"O'Connor, Patrick",14,4,8,0.5
"O'Connor, Patrick",15,7,9,0.7777777777777777777777777778
"O'Connor, Patrick",16,10,15,0.6666666666666666666666666667
"O'Connor, Patrick",17,3,7,0.4285714285714285714285714286
"O'Connor, Patrick",18,8,14,0.5714285714285714285714285714
"O'Connor, Patrick",19,1,3,0.3333333333333333333333333333
"O'Connor, Patrick",2,11,11,1
"O'Connor, Patrick",20,11,18,0.6111111111111111111111111111
"O'Connor, Patrick",21,11,14,0.7857142857142857142857142857
"O'Connor, Patrick",22,9,14,0.6428571428571428571428571429
"O'Connor, Patrick",23,6,12,0.5
"O'Connor, Patrick",24,17,19,0.8947368421052631578947368421
"O'Connor, Patrick",3,11,12,0.9166666666666666666666666667
"O'Connor, Patrick",4,6,15,0.4
"O'Connor, Patrick",5,5,12,0.4166666666666666666666666667
"O'Connor, Patrick",6,13,21,0.6190476190476190476190476190
"O'Connor, Patrick",7,5,12,0.4166666666666666666666666667
"O'Connor, Patrick",8,11,22,0.5
"O'Connor, Patrick",9,6,10,0.6
"O'Shea, Matthew J.",10,14,19,0.7368421052631578947368421053
"O'Shea, Matthew J.",11,8,10,0.8
"O'Shea, Matthew J.",12,14,18,0.7777777777777777777777777778
"O'Shea, Matthew J.",13,15,15,1
"O'Shea, Matthew J.",14,10,14,0.7142857142857142857142857143
"O'Shea, Matthew J.",15,10,10,1
"O'Shea, Matthew J.",16,11,14,0.7857142857142857142857142857
"O'Shea, Matthew J.",17,7,10,0.7
"O'Shea, Matthew J.",18,16,17,0.9411764705882352941176470588
"O'Shea, Matthew J.",19,2,3,0.6666666666666666666666666667
"O'Shea, Matthew J.",2,5,5,1
"O'Shea, Matthew J.",20,18,22,0.8181818181818181818181818182
"O'Shea, Matthew J.",21,20,24,0.8333333333333333333333333333
"O'Shea, Matthew J.",22,13,20,0.65
"O'Shea, Matthew J.",23,14,20,0.7
"O'Shea, Matthew J.",24,24,28,0.8571428571428571428571428571
"O'Shea, Matthew J.",3,13,13,1
"O'Shea, Matthew J.",4,12,20,0.6
"O'Shea, Matthew J.",5,13,17,0.7647058823529411764705882353
"O'Shea, Matthew J.",6,17,22,0.7727272727272727272727272727
"O'Shea, Matthew J.",7,7,16,0.4375
"O'Shea, Matthew J.",8,15,21,0.7142857142857142857142857143
"O'Shea, Matthew J.",9,15,16,0.9375
"Olivo, Frank",1,8,8,1
"Olivo, Frank",2,5,5,1
"Osterman, Harry",10,8,12,0.6666666666666666666666666667
"Osterman, Harry",11,6,6,1
"Osterman, Harry",12,10,14,0.7142857142857142857142857143
"Osterman, Harry",13,6,9,0.6666666666666666666666666667
"Osterman, Harry",14,6,10,0.6
"Osterman, Harry",15,4,7,0.5714285714285714285714285714
"Osterman, Harry",16,10,14,0.7142857142857142857142857143
"Osterman, Harry",17,4,7,0.5714285714285714285714285714
"Osterman, Harry",18,7,12,0.5833333333333333333333333333
"Osterman, Harry",19,1,1,1
"Osterman, Harry",2,3,3,1
"Osterman, Harry",20,12,13,0.9230769230769230769230769231
"Osterman, Harry",21,9,12,0.75
"Osterman, Harry",22,8,10,0.8
"Osterman, Harry",23,7,9,0.7777777777777777777777777778
"Osterman, Harry",24,13,16,0.8125
"Osterman, Harry",3,8,9,0.8888888888888888888888888889
"Osterman, Harry",4,10,12,0.8333333333333333333333333333
"Osterman, Harry",5,9,11,0.8181818181818181818181818182
"Osterman, Harry",6,10,16,0.625
"Osterman, Harry",7,4,11,0.3636363636363636363636363636
"Osterman, Harry",8,9,16,0.5625
"Osterman, Harry",9,6,9,0.6666666666666666666666666667
"Pawar, Ameya",10,13,14,0.9285714285714285714285714286
"Pawar, Ameya",11,10,11,0.9090909090909090909090909091
"Pawar, Ameya",12,12,15,0.8
"Pawar, Ameya",13,13,15,0.8666666666666666666666666667
"Pawar, Ameya",14,11,14,0.7857142857142857142857142857
"Pawar, Ameya",15,6,9,0.6666666666666666666666666667
"Pawar, Ameya",16,8,14,0.5714285714285714285714285714
"Pawar, Ameya",17,9,13,0.6923076923076923076923076923
"Pawar, Ameya",18,11,18,0.6111111111111111111111111111
"Pawar, Ameya",19,2,4,0.5
"Pawar, Ameya",2,3,3,1
"Pawar, Ameya",20,11,21,0.5238095238095238095238095238
"Pawar, Ameya",21,11,21,0.5238095238095238095238095238
"Pawar, Ameya",22,11,19,0.5789473684210526315789473684
"Pawar, Ameya",23,7,15,0.4666666666666666666666666667
"Pawar, Ameya",24,16,22,0.7272727272727272727272727273
"Pawar, Ameya",3,14,15,0.9333333333333333333333333333
"Pawar, Ameya",4,10,18,0.5555555555555555555555555556
"Pawar, Ameya",5,7,16,0.4375
"Pawar, Ameya",6,8,16,0.5
"Pawar, Ameya",7,7,14,0.5
"Pawar, Ameya",8,13,16,0.8125
"Pawar, Ameya",9,13,14,0.9285714285714285714285714286
"Pope, John",1,6,6,1
"Pope, John",10,11,25,0.44
"Pope, John",11,7,12,0.5833333333333333333333333333
"Pope, John",12,8,26,0.3076923076923076923076923077
"Pope, John",13,16,21,0.7619047619047619047619047619
"Pope, John",14,11,18,0.6111111111111111111111111111
"Pope, John",15,8,10,0.8
"Pope, John",16,12,21,0.5714285714285714285714285714
"Pope, John",17,7,12,0.5833333333333333333333333333
"Pope, John",18,5,13,0.3846153846153846153846153846
"Pope, John",2,16,16,1
"Pope, John",3,20,20,1
"Pope, John",4,17,24,0.7083333333333333333333333333
"Pope, John",5,13,23,0.5652173913043478260869565217
"Pope, John",6,18,27,0.6666666666666666666666666667
"Pope, John",7,10,19,0.5263157894736842105263157895
"Pope, John",8,12,24,0.5
"Pope, John",9,12,19,0.6315789473684210526315789474
"Quinn, Marty",10,15,17,0.8823529411764705882352941176
"Quinn, Marty",11,8,10,0.8
"Quinn, Marty",12,15,19,0.7894736842105263157894736842
"Quinn, Marty",13,14,18,0.7777777777777777777777777778
"Quinn, Marty",14,14,16,0.875
"Quinn, Marty",15,9,10,0.9
"Quinn, Marty",16,18,21,0.8571428571428571428571428571
"Quinn, Marty",17,8,12,0.6666666666666666666666666667
"Quinn, Marty",18,19,21,0.9047619047619047619047619048
"Quinn, Marty",19,2,2,1
"Quinn, Marty",2,7,8,0.875
"Quinn, Marty",20,17,20,0.85
"Quinn, Marty",21,16,19,0.8421052631578947368421052632
"Quinn, Marty",22,15,18,0.8333333333333333333333333333
"Quinn, Marty",23,14,15,0.9333333333333333333333333333
"Quinn, Marty",24,20,23,0.8695652173913043478260869565
"Quinn, Marty",3,14,14,1
"Quinn, Marty",4,20,22,0.9090909090909090909090909091
"Quinn, Marty",5,14,15,0.9333333333333333333333333333
"Quinn, Marty",6,21,22,0.9545454545454545454545454545
"Quinn, Marty",7,11,14,0.7857142857142857142857142857
"Quinn, Marty",8,11,17,0.6470588235294117647058823529
"Quinn, Marty",9,11,13,0.8461538461538461538461538462
"Ramirez-Rosa, Carlos",18,4,4,1
"Ramirez-Rosa, Carlos",19,0,3,0
"Ramirez-Rosa, Carlos",20,9,12,0.75
"Ramirez-Rosa, Carlos",21,5,8,0.625
"Ramirez-Rosa, Carlos",22,9,9,1
"Ramirez-Rosa, Carlos",23,5,8,0.625
"Ramirez-Rosa, Carlos",24,13,13,1
"Reboyras, Ariel",1,11,11,1
"Reboyras, Ariel",10,30,30,1
"Reboyras, Ariel",11,13,13,1
"Reboyras, Ariel",12,24,26,0.9230769230769230769230769231
"Reboyras, Ariel",13,20,21,0.9523809523809523809523809524
"Reboyras, Ariel",14,12,14,0.8571428571428571428571428571
"Reboyras, Ariel",15,11,11,1
"Reboyras, Ariel",16,20,21,0.9523809523809523809523809524
"Reboyras, Ariel",17,11,12,0.9166666666666666666666666667
"Reboyras, Ariel",18,18,19,0.9473684210526315789473684211
"Reboyras, Ariel",19,2,2,1
"Reboyras, Ariel",2,22,22,1
"Reboyras, Ariel",20,18,19,0.9473684210526315789473684211
"Reboyras, Ariel",21,19,21,0.9047619047619047619047619048
"Reboyras, Ariel",22,20,21,0.9523809523809523809523809524
"Reboyras, Ariel",23,15,17,0.8823529411764705882352941176
"Reboyras, Ariel",24,25,26,0.9615384615384615384615384615
"Reboyras, Ariel",3,22,22,1
"Reboyras, Ariel",4,26,28,0.9285714285714285714285714286
"Reboyras, Ariel",5,20,21,0.9523809523809523809523809524
"Reboyras, Ariel",6,22,33,0.6666666666666666666666666667
"Reboyras, Ariel",7,19,22,0.8636363636363636363636363636
"Reboyras, Ariel",8,25,27,0.9259259259259259259259259259
"Reboyras, Ariel",9,21,22,0.9545454545454545454545454545
"Reilly, Brendan",1,3,3,1
"Reilly, Brendan",10,18,26,0.6923076923076923076923076923
"Reilly, Brendan",11,6,11,0.5454545454545454545454545455
"Reilly, Brendan",12,14,22,0.6363636363636363636363636364
"Reilly, Brendan",13,12,18,0.6666666666666666666666666667
"Reilly, Brendan",14,11,14,0.7857142857142857142857142857
"Reilly, Brendan",15,9,12,0.75
"Reilly, Brendan",16,14,19,0.7368421052631578947368421053
"Reilly, Brendan",17,7,12,0.5833333333333333333333333333
"Reilly, Brendan",18,12,18,0.6666666666666666666666666667
"Reilly, Brendan",19,2,4,0.5
"Reilly, Brendan",2,10,10,1
"Reilly, Brendan",20,11,18,0.6111111111111111111111111111
"Reilly, Brendan",21,11,19,0.5789473684210526315789473684
"Reilly, Brendan",22,11,16,0.6875
"Reilly, Brendan",23,8,16,0.5
"Reilly, Brendan",24,16,24,0.6666666666666666666666666667
"Reilly, Brendan",3,18,19,0.9473684210526315789473684211
"Reilly, Brendan",4,21,23,0.9130434782608695652173913043
"Reilly, Brendan",5,12,18,0.6666666666666666666666666667
"Reilly, Brendan",6,10,24,0.4166666666666666666666666667
"Reilly, Brendan",7,11,17,0.6470588235294117647058823529
"Reilly, Brendan",8,14,25,0.56
"Reilly, Brendan",9,12,16,0.75
"Rice, John",1,9,9,1
"Rice, John",2,5,5,1
"Rugai, Virginia",1,8,8,1
"Rugai, Virginia",2,6,6,1
"Sadlowski Garza, Susan",18,2,6,0.3333333333333333333333333333
"Sadlowski Garza, Susan",19,0,2,0
"Sadlowski Garza, Susan",20,9,14,0.6428571428571428571428571429
"Sadlowski Garza, Susan",21,7,12,0.5833333333333333333333333333
"Sadlowski Garza, Susan",22,7,12,0.5833333333333333333333333333
"Sadlowski Garza, Susan",23,7,12,0.5833333333333333333333333333
"Sadlowski Garza, Susan",24,13,17,0.7647058823529411764705882353
"Santiago, Milagros S.",18,4,5,0.8
"Santiago, Milagros S.",19,2,3,0.6666666666666666666666666667
"Santiago, Milagros S.",20,9,16,0.5625
"Santiago, Milagros S.",21,11,15,0.7333333333333333333333333333
"Santiago, Milagros S.",22,9,14,0.6428571428571428571428571429
"Santiago, Milagros S.",23,7,13,0.5384615384615384615384615385
"Santiago, Milagros S.",24,15,19,0.7894736842105263157894736842
"Sawyer, Roderick T.",10,8,11,0.7272727272727272727272727273
"Sawyer, Roderick T.",11,4,7,0.5714285714285714285714285714
"Sawyer, Roderick T.",12,9,12,0.75
"Sawyer, Roderick T.",13,6,15,0.4
"Sawyer, Roderick T.",14,8,13,0.6153846153846153846153846154
"Sawyer, Roderick T.",15,4,8,0.5
"Sawyer, Roderick T.",16,10,14,0.7142857142857142857142857143
"Sawyer, Roderick T.",17,4,7,0.5714285714285714285714285714
"Sawyer, Roderick T.",18,10,16,0.625
"Sawyer, Roderick T.",19,3,3,1
"Sawyer, Roderick T.",2,5,5,1
"Sawyer, Roderick T.",20,10,17,0.5882352941176470588235294118
"Sawyer, Roderick T.",21,12,16,0.75
"Sawyer, Roderick T.",22,11,14,0.7857142857142857142857142857
"Sawyer, Roderick T.",23,10,15,0.6666666666666666666666666667
"Sawyer, Roderick T.",24,18,22,0.8181818181818181818181818182
"Sawyer, Roderick T.",3,12,12,1
"Sawyer, Roderick T.",4,16,19,0.8421052631578947368421052632
"Sawyer, Roderick T.",5,15,18,0.8333333333333333333333333333
"Sawyer, Roderick T.",6,12,18,0.6666666666666666666666666667
"Sawyer, Roderick T.",7,6,12,0.5
"Sawyer, Roderick T.",8,11,16,0.6875
"Sawyer, Roderick T.",9,7,10,0.7
"Schulter, Eugene",1,9,9,1
"Schulter, Eugene",2,6,6,1
"Scott, Jr. Michael",18,6,7,0.8571428571428571428571428571
"Scott, Jr. Michael",19,1,2,0.5
"Scott, Jr. Michael",20,17,20,0.85
"Scott, Jr. Michael",21,17,17,1
"Scott, Jr. Michael",22,15,16,0.9375
"Scott, Jr. Michael",23,14,14,1
"Scott, Jr. Michael",24,19,19,1
"Shiller, Helen",1,9,9,1
"Shiller, Helen",2,6,6,1
"Silverstein, Debra L.",10,11,13,0.8461538461538461538461538462
"Silverstein, Debra L.",11,6,8,0.75
"Silverstein, Debra L.",12,9,12,0.75
"Silverstein, Debra L.",13,12,17,0.7058823529411764705882352941
"Silverstein, Debra L.",14,10,12,0.8333333333333333333333333333
"Silverstein, Debra L.",15,5,8,0.625
"Silverstein, Debra L.",16,12,14,0.8571428571428571428571428571
"Silverstein, Debra L.",17,6,8,0.75
"Silverstein, Debra L.",18,13,15,0.8666666666666666666666666667
"Silverstein, Debra L.",19,3,3,1
"Silverstein, Debra L.",2,4,5,0.8
"Silverstein, Debra L.",20,17,18,0.9444444444444444444444444444
"Silverstein, Debra L.",21,14,18,0.7777777777777777777777777778
"Silverstein, Debra L.",22,11,16,0.6875
"Silverstein, Debra L.",23,10,14,0.7142857142857142857142857143
"Silverstein, Debra L.",24,19,25,0.76
"Silverstein, Debra L.",3,15,15,1
"Silverstein, Debra L.",4,19,20,0.95
"Silverstein, Debra L.",5,12,14,0.8571428571428571428571428571
"Silverstein, Debra L.",6,17,20,0.85
"Silverstein, Debra L.",7,10,14,0.7142857142857142857142857143
"Silverstein, Debra L.",8,12,19,0.6315789473684210526315789474
"Silverstein, Debra L.",9,10,12,0.8333333333333333333333333333
"Smith, Mary Ann",1,7,7,1
"Smith, Mary Ann",2,4,4,1
"Smith, Michele",10,13,15,0.8666666666666666666666666667
"Smith, Michele",11,8,9,0.8888888888888888888888888889
"Smith, Michele",12,13,15,0.8666666666666666666666666667
"Smith, Michele",13,14,18,0.7777777777777777777777777778
"Smith, Michele",14,12,13,0.9230769230769230769230769231
"Smith, Michele",15,8,9,0.8888888888888888888888888889
"Smith, Michele",16,14,15,0.9333333333333333333333333333
"Smith, Michele",17,8,8,1
"Smith, Michele",18,15,17,0.8823529411764705882352941176
"Smith, Michele",19,3,4,0.75
"Smith, Michele",2,4,4,1
"Smith, Michele",20,14,19,0.7368421052631578947368421053
"Smith, Michele",21,15,16,0.9375
"Smith, Michele",22,9,15,0.6
"Smith, Michele",23,11,16,0.6875
"Smith, Michele",24,17,21,0.8095238095238095238095238095
"Smith, Michele",3,13,13,1
"Smith, Michele",4,14,15,0.9333333333333333333333333333
"Smith, Michele",5,16,16,1
"Smith, Michele",6,14,16,0.875
"Smith, Michele",7,9,12,0.75
"Smith, Michele",8,13,17,0.7647058823529411764705882353
"Smith, Michele",9,10,11,0.9090909090909090909090909091
"Solis, Daniel",1,5,5,1
"Solis, Daniel",10,11,27,0.4074074074074074074074074074
"Solis, Daniel",11,5,10,0.5
"Solis, Daniel",12,12,26,0.4615384615384615384615384615
"Solis, Daniel",13,10,21,0.4761904761904761904761904762
"Solis, Daniel",14,6,16,0.375
"Solis, Daniel",15,6,15,0.4
"Solis, Daniel",16,16,20,0.8
"Solis, Daniel",17,6,12,0.5
"Solis, Daniel",18,11,20,0.55
"Solis, Daniel",19,2,5,0.4
"Solis, Daniel",2,13,14,0.9285714285714285714285714286
"Solis, Daniel",20,14,18,0.7777777777777777777777777778
"Solis, Daniel",21,15,20,0.75
"Solis, Daniel",22,14,18,0.7777777777777777777777777778
"Solis, Daniel",23,11,17,0.6470588235294117647058823529
"Solis, Daniel",24,21,26,0.8076923076923076923076923077
"Solis, Daniel",3,18,20,0.9
"Solis, Daniel",4,13,24,0.5416666666666666666666666667
"Solis, Daniel",5,10,23,0.4347826086956521739130434783
"Solis, Daniel",6,15,29,0.5172413793103448275862068966
"Solis, Daniel",7,8,20,0.4
"Solis, Daniel",8,13,28,0.4642857142857142857142857143
"Solis, Daniel",9,8,18,0.4444444444444444444444444444
"Sposato, Nicholas",10,14,14,1
"Sposato, Nicholas",11,8,10,0.8
"Sposato, Nicholas",12,10,14,0.7142857142857142857142857143
"Sposato, Nicholas",13,17,18,0.9444444444444444444444444444
"Sposato, Nicholas",14,14,14,1
"Sposato, Nicholas",15,7,8,0.875
"Sposato, Nicholas",16,9,15,0.6
"Sposato, Nicholas",17,7,10,0.7
"Sposato, Nicholas",18,12,15,0.8
"Sposato, Nicholas",19,2,2,1
"Sposato, Nicholas",2,5,5,1
"Sposato, Nicholas",20,12,13,0.9230769230769230769230769231
"Sposato, Nicholas",21,6,10,0.6
"Sposato, Nicholas",22,11,12,0.9166666666666666666666666667
"Sposato, Nicholas",23,9,10,0.9
"Sposato, Nicholas",24,20,20,1
"Sposato, Nicholas",3,15,15,1
"Sposato, Nicholas",4,14,19,0.7368421052631578947368421053
"Sposato, Nicholas",5,13,15,0.8666666666666666666666666667
"Sposato, Nicholas",6,19,21,0.9047619047619047619047619048
"Sposato, Nicholas",7,13,14,0.9285714285714285714285714286
"Sposato, Nicholas",8,16,17,0.9411764705882352941176470588
"Sposato, Nicholas",9,15,15,1
"Stone, Bernard",1,6,6,1
"Stone, Bernard",2,5,5,1
"Suarez, Regner Ray",1,9,9,1
"Suarez, Regner Ray",10,14,32,0.4375
"Suarez, Regner Ray",11,8,13,0.6153846153846153846153846154
"Suarez, Regner Ray",12,22,27,0.8148148148148148148148148148
"Suarez, Regner Ray",13,11,22,0.5
"Suarez, Regner Ray",14,16,17,0.9411764705882352941176470588
"Suarez, Regner Ray",15,13,15,0.8666666666666666666666666667
"Suarez, Regner Ray",16,19,24,0.7916666666666666666666666667
"Suarez, Regner Ray",17,9,15,0.6
"Suarez, Regner Ray",18,8,15,0.5333333333333333333333333333
"Suarez, Regner Ray",2,21,21,1
"Suarez, Regner Ray",3,23,23,1
"Suarez, Regner Ray",4,20,27,0.7407407407407407407407407407
"Suarez, Regner Ray",5,17,21,0.8095238095238095238095238095
"Suarez, Regner Ray",6,22,32,0.6875
"Suarez, Regner Ray",7,12,21,0.5714285714285714285714285714
"Suarez, Regner Ray",8,17,28,0.6071428571428571428571428571
"Suarez, Regner Ray",9,17,20,0.85
"Taliaferro, Chris",18,3,4,0.75
"Taliaferro, Chris",19,1,1,1
"Taliaferro, Chris",20,9,12,0.75
"Taliaferro, Chris",21,11,14,0.7857142857142857142857142857
"Taliaferro, Chris",22,11,13,0.8461538461538461538461538462
"Taliaferro, Chris",23,8,12,0.6666666666666666666666666667
"Taliaferro, Chris",24,19,20,0.95
"Thomas, Latasha R.",1,4,4,1
"Thomas, Latasha R.",10,9,23,0.3913043478260869565217391304
"Thomas, Latasha R.",11,4,10,0.4
"Thomas, Latasha R.",12,10,22,0.4545454545454545454545454545
"Thomas, Latasha R.",13,11,21,0.5238095238095238095238095238
"Thomas, Latasha R.",14,5,15,0.3333333333333333333333333333
"Thomas, Latasha R.",15,7,13,0.5384615384615384615384615385
"Thomas, Latasha R.",16,13,19,0.6842105263157894736842105263
"Thomas, Latasha R.",17,6,11,0.5454545454545454545454545455
"Thomas, Latasha R.",18,7,14,0.5
"Thomas, Latasha R.",2,13,13,1
"Thomas, Latasha R.",3,19,21,0.9047619047619047619047619048
"Thomas, Latasha R.",4,11,24,0.4583333333333333333333333333
"Thomas, Latasha R.",5,11,24,0.4583333333333333333333333333
"Thomas, Latasha R.",6,12,25,0.48
"Thomas, Latasha R.",7,7,17,0.4117647058823529411764705882
"Thomas, Latasha R.",8,10,26,0.3846153846153846153846153846
"Thomas, Latasha R.",9,7,16,0.4375
"Thompson, JoAnn",1,3,3,1
"Thompson, JoAnn",10,9,22,0.4090909090909090909090909091
"Thompson, JoAnn",11,7,11,0.6363636363636363636363636364
"Thompson, JoAnn",12,16,24,0.6666666666666666666666666667
"Thompson, JoAnn",13,14,19,0.7368421052631578947368421053
"Thompson, JoAnn",14,8,16,0.5
"Thompson, JoAnn",15,9,11,0.8181818181818181818181818182
"Thompson, JoAnn",16,10,20,0.5
"Thompson, JoAnn",17,0,6,0
"Thompson, JoAnn",2,9,9,1
"Thompson, JoAnn",3,14,16,0.875
"Thompson, JoAnn",4,12,20,0.6
"Thompson, JoAnn",5,10,17,0.5882352941176470588235294118
"Thompson, JoAnn",6,13,23,0.5652173913043478260869565217
"Thompson, JoAnn",7,4,14,0.2857142857142857142857142857
"Thompson, JoAnn",8,8,21,0.3809523809523809523809523810
"Thompson, JoAnn",9,9,14,0.6428571428571428571428571429
"Thompson, Patrick D.",18,4,5,0.8
"Thompson, Patrick D.",19,3,4,0.75
"Thompson, Patrick D.",20,10,16,0.625
"Thompson, Patrick D.",21,10,13,0.7692307692307692307692307692
"Thompson, Patrick D.",22,9,12,0.75
"Thompson, Patrick D.",23,10,12,0.8333333333333333333333333333
"Thompson, Patrick D.",24,20,20,1
"Tunney, Thomas",1,9,9,1
"Tunney, Thomas",10,24,29,0.8275862068965517241379310345
"Tunney, Thomas",11,14,16,0.875
"Tunney, Thomas",12,22,27,0.8148148148148148148148148148
"Tunney, Thomas",13,15,20,0.75
"Tunney, Thomas",14,18,19,0.9473684210526315789473684211
"Tunney, Thomas",15,12,15,0.8
"Tunney, Thomas",16,18,20,0.9
"Tunney, Thomas",17,11,14,0.7857142857142857142857142857
"Tunney, Thomas",18,20,22,0.9090909090909090909090909091
"Tunney, Thomas",19,5,6,0.8333333333333333333333333333
"Tunney, Thomas",2,15,15,1
"Tunney, Thomas",20,20,24,0.8333333333333333333333333333
"Tunney, Thomas",21,21,23,0.9130434782608695652173913043
"Tunney, Thomas",22,16,20,0.8
"Tunney, Thomas",23,14,20,0.7
"Tunney, Thomas",24,22,26,0.8461538461538461538461538462
"Tunney, Thomas",3,23,24,0.9583333333333333333333333333
"Tunney, Thomas",4,23,27,0.8518518518518518518518518519
"Tunney, Thomas",5,18,21,0.8571428571428571428571428571
"Tunney, Thomas",6,19,26,0.7307692307692307692307692308
"Tunney, Thomas",7,15,19,0.7894736842105263157894736842
"Tunney, Thomas",8,17,27,0.6296296296296296296296296296
"Tunney, Thomas",9,15,17,0.8823529411764705882352941176
"Villegas, Gilbert",18,5,5,1
"Villegas, Gilbert",19,1,1,1
"Villegas, Gilbert",20,11,13,0.8461538461538461538461538462
"Villegas, Gilbert",21,7,10,0.7
"Villegas, Gilbert",22,8,12,0.6666666666666666666666666667
"Villegas, Gilbert",23,7,9,0.7777777777777777777777777778
"Villegas, Gilbert",24,10,13,0.7692307692307692307692307692
"Waguespack, Scott",1,3,3,1
"Waguespack, Scott",10,14,19,0.7368421052631578947368421053
"Waguespack, Scott",11,7,9,0.7777777777777777777777777778
"Waguespack, Scott",12,15,18,0.8333333333333333333333333333
"Waguespack, Scott",13,15,17,0.8823529411764705882352941176
"Waguespack, Scott",14,7,12,0.5833333333333333333333333333
"Waguespack, Scott",15,6,9,0.6666666666666666666666666667
"Waguespack, Scott",16,18,19,0.9473684210526315789473684211
"Waguespack, Scott",17,8,9,0.8888888888888888888888888889
"Waguespack, Scott",18,14,19,0.7368421052631578947368421053
"Waguespack, Scott",19,1,3,0.3333333333333333333333333333
"Waguespack, Scott",2,11,11,1
"Waguespack, Scott",20,13,17,0.7647058823529411764705882353
"Waguespack, Scott",21,14,16,0.875
"Waguespack, Scott",22,12,14,0.8571428571428571428571428571
"Waguespack, Scott",23,15,15,1
"Waguespack, Scott",24,20,22,0.9090909090909090909090909091
"Waguespack, Scott",3,18,19,0.9473684210526315789473684211
"Waguespack, Scott",4,16,22,0.7272727272727272727272727273
"Waguespack, Scott",5,19,21,0.9047619047619047619047619048
"Waguespack, Scott",6,13,23,0.5652173913043478260869565217
"Waguespack, Scott",7,7,14,0.5
"Waguespack, Scott",8,15,21,0.7142857142857142857142857143
"Waguespack, Scott",9,9,15,0.6
"Zalewski, Michael R.",1,7,7,1
"Zalewski, Michael R.",10,13,23,0.5652173913043478260869565217
"Zalewski, Michael R.",11,5,10,0.5
"Zalewski, Michael R.",12,10,22,0.4545454545454545454545454545
"Zalewski, Michael R.",13,5,10,0.5
"Zalewski, Michael R.",14,7,11,0.6363636363636363636363636364
"Zalewski, Michael R.",15,4,9,0.4444444444444444444444444444
"Zalewski, Michael R.",16,11,16,0.6875
"Zalewski, Michael R.",17,4,9,0.4444444444444444444444444444
"Zalewski, Michael R.",18,7,14,0.5
"Zalewski, Michael R.",19,1,3,0.3333333333333333333333333333
"Zalewski, Michael R.",2,13,13,1
"Zalewski, Michael R.",20,10,17,0.5882352941176470588235294118
"Zalewski, Michael R.",21,9,14,0.6428571428571428571428571429
"Zalewski, Michael R.",22,10,15,0.6666666666666666666666666667
"Zalewski, Michael R.",23,5,12,0.4166666666666666666666666667
"Zalewski, Michael R.",24,13,19,0.6842105263157894736842105263
"Zalewski, Michael R.",3,16,18,0.8888888888888888888888888889
"Zalewski, Michael R.",4,11,18,0.6111111111111111111111111111
"Zalewski, Michael R.",5,7,13,0.5384615384615384615384615385
"Zalewski, Michael R.",6,12,21,0.5714285714285714285714285714
"Zalewski, Michael R.",7,4,13,0.3076923076923076923076923077
"Zalewski, Michael R.",8,10,22,0.4545454545454545454545454545
"Zalewski, Michael R.",9,8,11,0.7272727272727272727272727273
